{
  "dungeontactics:dungeoneering/born_survivor": {
    "criteria": {
      "stab": "2024-05-26 16:52:49 +0000"
    },
    "done": false
  },
  "explorercraft:explorercraft/root": {
    "criteria": {
      "explorercraft": "2024-05-26 16:52:49 +0000"
    },
    "done": true
  },
  "betteranimalsplus:root": {
    "criteria": {
      "tick": "2024-05-26 16:52:49 +0000"
    },
    "done": true
  },
  "tombstone:tutorial/root": {
    "criteria": {
      "auto": "2024-05-26 16:52:45 +0000"
    },
    "done": true
  },
  "minecraft:adventure/adventuring_time": {
    "criteria": {
      "plains": "2024-05-26 16:52:45 +0000",
      "ocean": "2024-05-26 16:52:50 +0000"
    },
    "done": false
  }
}